Year, Afghanistan, Albania, Algeria, Angola, Antigua and Barbuda, Argentina, Armenia, Australia, Austria, Azerbaijan, Bahamas, Bangladesh, Barbados, Belarus, Belgium, Belgium-Luxembourg, Belize, Benin, Bermuda, Bolivia, Bosnia and Herzegovina, Botswana, Brazil, Brunei Darussalam, Bulgaria, Burkina Faso, Cabo Verde, Cambodia, Cameroon, Canada, Central African Republic, Chad, Chile, China, China (Hong Kong SAR), China (Macao SAR), Colombia, Congo, Costa Rica, Cote d'Ivoire, Croatia, Cuba, Cyprus, Czech Republic, Czechoslovakia, Denmark, Djibouti, Dominica, Dominican Republic, Ecuador, Egypt, El Salvador, Estonia, Ethiopia, Ethiopia PDR, Fiji, Finland, France, French Polynesia, Gabon, Gambia, Georgia, Germany, Ghana, Greece, Grenada, Guatemala, Guinea, Guinea Bissau, Guyana, Haiti, Honduras, Hungary, Iceland, India, Indonesia, Iran, Iraq, Ireland, Israel, Italy, Jamaica, Japan, Jordan, Kazakhstan, Kenya, Kiribati, Kuwait, Kyrgyzstan, Lao PDR, Latvia, Lebanon, Lesotho, Liberia, Libya, Lithuania, Luxembourg, Macedonia (TFYR), Madagascar, Malawi, Malaysia, Maldives, Mali, Malta, Mauritania, Mauritius, Mexico, Moldova, Mongolia, Montenegro, Morocco, Mozambique, Myanmar, Namibia, Nepal, Netherlands, New Zealand, Nicaragua, Niger, Nigeria, North Korea, Norway, Occupied Palestinian Territory, Pakistan, Panama, Paraguay, Peru, Philippines, Poland, Portugal, Romania, Russian Federation, Rwanda, Saint Kitts and Nevis, Saint Lucia, Saint Vincent and the Grenadines, Samoa, Sao Tome and Principe, Saudi Arabia, Senegal, Serbia, Serbia and Montenegro, Sierra Leone, Slovakia, Slovenia, Solomon Islands, Somalia, South Africa, South Korea, Spain, Sri Lanka, Sudan, Suriname, Swaziland, Sweden, Switzerland, Syrian Arab Republic, Taiwan, Tajikistan, Tanzania, Thailand, Timor-Leste, Togo, Trinidad and Tobago, Tunisia, Turkey, Turkmenistan, USSR, Uganda, Ukraine, United Arab Emirates, United Kingdom, United States of America, Uruguay, Uzbekistan, Vanuatu, Venezuela, Viet Nam, Yemen, Yugoslav SFR, Zambia, Zimbabwe, 
1961, 2998, 2222, 1620, 1803, 2009, 3104, 0, 3087, 3189, 0, 2437, 2151, 2512, 0, 0, 2917, 2085, 1738, 2573, 1731, 0, 1976, 2207, 1928, 3168, 1325, 1647, 1907, 2007, 2806, 2255, 2259, 2497, 1416, 2591, 2661, 1959, 2086, 1970, 2328, 0, 2121, 2479, 0, 3300, 3185, 1612, 1721, 1714, 1994, 2062, 1573, 0, 0, 1839, 2583, 3263, 3196, 2582, 1899, 2067, 0, 2856, 2014, 2823, 1730, 1815, 1959, 1614, 2304, 1885, 1882, 2870, 3251, 2001, 1823, 1751, 1735, 3364, 2804, 2952, 1912, 2524, 2105, 0, 2259, 2424, 2504, 0, 1950, 0, 2417, 2013, 2017, 1548, 0, 0, 0, 2426, 2013, 2410, 1543, 1644, 2827, 2232, 2368, 2300, 0, 2018, 0, 2050, 1853, 1485, 2208, 1755, 3037, 2925, 1908, 1610, 1946, 1879, 2781, 0, 1866, 2101, 2135, 2127, 1787, 3268, 2477, 2832, 0, 1717, 1716, 1690, 1806, 1978, 2265, 1716, 2290, 0, 0, 1815, 0, 0, 2205, 1794, 2673, 2140, 2633, 2070, 1590, 1897, 2226, 2844, 3576, 2005, 2509, 0, 1745, 1927, 1739, 2040, 2277, 2239, 2957, 0, 3095, 2309, 0, 2891, 3232, 2881, 2795, 0, 2446, 2153, 1904, 1788, 3049, 2182, 2101, 
1962, 2919, 2240, 1568, 1822, 2187, 3076, 0, 3109, 3194, 0, 2381, 2126, 2573, 0, 0, 2906, 2220, 1761, 2616, 1760, 0, 1911, 2269, 1969, 3215, 1308, 1543, 1874, 2016, 2843, 2214, 2372, 2532, 1525, 2603, 2618, 1981, 2090, 2015, 2424, 0, 2189, 2422, 0, 3346, 3101, 1645, 1789, 1847, 2018, 2147, 1609, 0, 0, 1825, 2637, 3151, 3257, 2546, 1914, 2079, 0, 2914, 1936, 2779, 1812, 1846, 1942, 1570, 2307, 1915, 1851, 3052, 3320, 2045, 1827, 1748, 1864, 3368, 2823, 3017, 2016, 2569, 2144, 0, 2262, 2507, 2549, 0, 1923, 0, 2462, 2005, 2059, 1559, 0, 0, 0, 2397, 2010, 2430, 1558, 1700, 2847, 2203, 2405, 2284, 0, 1948, 0, 2069, 1880, 1547, 2251, 1763, 3034, 2964, 1942, 1619, 2026, 1907, 2930, 0, 1922, 2020, 2152, 2143, 1724, 3273, 2576, 2876, 0, 1810, 1781, 1745, 1978, 1978, 2225, 1754, 2312, 0, 0, 1849, 0, 0, 2198, 1833, 2615, 2178, 2726, 2094, 1802, 1915, 2189, 2815, 3483, 2136, 2449, 0, 1756, 2050, 1753, 2195, 2354, 2292, 2914, 0, 3157, 2271, 0, 2775, 3196, 2861, 2708, 0, 2517, 2106, 1959, 1797, 3192, 2183, 2143, 
1963, 2699, 2157, 1527, 1858, 2054, 3032, 0, 3161, 3248, 0, 2368, 2171, 2646, 0, 0, 3004, 2263, 1704, 2578, 1808, 0, 1972, 2241, 1986, 3279, 1452, 1463, 1940, 2050, 2898, 2149, 2361, 2633, 1594, 2610, 2611, 1894, 2090, 2024, 2500, 0, 2386, 2374, 0, 3396, 3098, 1594, 1827, 1854, 2056, 2161, 1650, 0, 0, 1814, 2718, 3070, 3233, 2512, 1868, 2117, 0, 2899, 1842, 2793, 1853, 1891, 1943, 1596, 2255, 1910, 1863, 3077, 3101, 1966, 1816, 1794, 1976, 3391, 2751, 3086, 2028, 2611, 2167, 0, 2155, 2519, 2436, 0, 1946, 0, 2427, 2080, 2142, 1633, 0, 0, 0, 2452, 2107, 2448, 1555, 1766, 2921, 2172, 2361, 2300, 0, 2038, 0, 2072, 1825, 1571, 2245, 1761, 3054, 2952, 1955, 1644, 1981, 2017, 2804, 0, 1940, 2145, 2149, 1984, 1794, 3291, 2681, 2916, 0, 1812, 1813, 1700, 1852, 1971, 2232, 1791, 2625, 0, 0, 1966, 0, 0, 2204, 1849, 2727, 2208, 2698, 2135, 1730, 1969, 2136, 2807, 3406, 2119, 2402, 0, 1780, 2157, 1692, 2136, 2363, 2337, 3010, 0, 3203, 2295, 0, 2736, 3226, 2861, 2773, 0, 2536, 2104, 1954, 1814, 3210, 2131, 2133, 
1964, 2955, 2270, 1540, 1865, 2127, 3078, 0, 3140, 3271, 0, 2417, 2155, 2608, 0, 0, 3060, 2258, 1669, 2641, 1742, 0, 1999, 2305, 1986, 3327, 1555, 1596, 1909, 2061, 2796, 2114, 2328, 2582, 1665, 2597, 2614, 1968, 2126, 2105, 2565, 0, 2328, 2599, 0, 3376, 3111, 1565, 1829, 1857, 2047, 2188, 1623, 0, 0, 1803, 2671, 3089, 3220, 2570, 1860, 2126, 0, 2981, 1867, 2874, 1930, 1953, 2056, 1621, 2318, 1845, 1860, 3052, 3137, 1989, 1859, 1863, 2028, 3395, 2836, 3074, 2166, 2634, 2087, 0, 2201, 2549, 2553, 0, 1992, 0, 2458, 2027, 2164, 1661, 0, 0, 0, 2507, 2218, 2418, 1547, 1716, 2966, 2158, 2381, 2350, 0, 2187, 0, 2137, 1869, 1618, 2246, 1779, 2999, 2955, 2012, 1682, 1949, 2100, 2859, 0, 2082, 2142, 2250, 2167, 1810, 3303, 2550, 2922, 0, 1825, 1882, 1778, 1965, 2006, 2288, 1818, 2537, 0, 0, 1987, 0, 0, 2294, 1806, 2758, 2251, 2661, 2240, 1772, 2219, 2114, 2892, 3447, 2203, 2474, 0, 1699, 2145, 1659, 2215, 2377, 2320, 3004, 0, 3206, 2258, 0, 2623, 3208, 2927, 2948, 0, 2486, 2299, 1939, 1822, 3286, 2085, 2124, 
1965, 2957, 2252, 1590, 1879, 2221, 3182, 0, 3091, 3217, 0, 2435, 2118, 2591, 0, 0, 2960, 2267, 1812, 2616, 1830, 0, 2005, 2328, 2015, 3411, 1572, 1636, 1921, 1956, 2920, 2294, 2297, 2561, 1797, 2598, 2340, 1935, 2078, 2174, 2607, 0, 2340, 2700, 0, 3385, 3106, 1587, 1872, 1792, 2190, 2212, 1697, 0, 0, 1778, 2799, 3124, 3234, 2661, 1867, 2293, 0, 3011, 1868, 2919, 1984, 1961, 2021, 1664, 2241, 1915, 1916, 3094, 3152, 1922, 1849, 1877, 2053, 3399, 2811, 3126, 2171, 2622, 2158, 0, 2316, 2537, 2549, 0, 2013, 0, 2471, 2072, 2153, 1781, 0, 0, 0, 2486, 2253, 2415, 1641, 1699, 3043, 2129, 2294, 2369, 0, 2260, 0, 2172, 1885, 1593, 2248, 1764, 2968, 2965, 2014, 1839, 1877, 1955, 2897, 0, 2178, 2102, 2345, 2121, 1871, 3360, 2836, 2968, 0, 1849, 1928, 1748, 2005, 1996, 2257, 1858, 2507, 0, 0, 2155, 0, 0, 2235, 1863, 2864, 2367, 2633, 2244, 1610, 2164, 2166, 2857, 3445, 2142, 2447, 0, 1744, 2041, 1697, 2271, 2410, 2392, 2993, 0, 3213, 2310, 0, 2587, 3241, 2922, 2781, 0, 2547, 2265, 1940, 1841, 3293, 2067, 2129, 
1966, 2736, 2254, 1570, 1893, 2172, 3142, 0, 3163, 3231, 0, 2545, 2108, 2607, 0, 0, 3063, 2247, 1806, 2642, 1835, 0, 1947, 2327, 2201, 3488, 1561, 1597, 1937, 2018, 2914, 2081, 2263, 2648, 1865, 2636, 2174, 1890, 2012, 2145, 2579, 0, 2231, 2767, 0, 3417, 3119, 1612, 1893, 1910, 2178, 2257, 1703, 0, 0, 1726, 2610, 3140, 3221, 2790, 1897, 2223, 0, 3010, 1982, 2943, 2054, 1966, 2013, 1670, 2269, 1879, 1975, 3285, 3080, 1931, 1835, 2025, 2057, 3389, 2914, 3151, 2197, 2643, 2172, 0, 2309, 2602, 2632, 0, 2033, 0, 2460, 1998, 2290, 1920, 0, 0, 0, 2438, 2233, 2412, 1675, 1704, 2967, 2150, 2326, 2413, 0, 2280, 0, 2096, 1861, 1497, 2243, 1736, 3033, 3080, 2043, 1840, 1733, 2016, 2992, 0, 2093, 2164, 2340, 2139, 1834, 3381, 2775, 3001, 0, 1996, 1957, 1805, 2109, 1981, 2225, 1850, 2430, 0, 0, 2252, 0, 0, 2271, 1815, 2757, 2438, 2705, 2294, 1616, 2106, 2162, 2872, 3444, 2159, 2452, 0, 1817, 2271, 1768, 2231, 2432, 2305, 3097, 0, 3209, 2172, 0, 2678, 3244, 2954, 2814, 0, 2495, 2215, 1912, 1849, 3397, 2201, 2136, 
1967, 2971, 2263, 1646, 1923, 1957, 3218, 0, 3101, 3194, 0, 2483, 1968, 2805, 0, 0, 3084, 2275, 1834, 2654, 1888, 0, 2010, 2371, 2276, 3450, 1587, 1631, 1959, 2028, 2945, 2215, 2257, 2620, 1816, 2679, 2006, 1884, 2006, 2098, 2569, 0, 2301, 2916, 0, 3405, 3082, 1683, 1876, 1870, 2143, 2203, 1723, 0, 0, 1731, 2539, 3065, 3274, 2802, 1936, 2282, 0, 3001, 2094, 2998, 2067, 1975, 2011, 1640, 2246, 1870, 2025, 3127, 2975, 1986, 1841, 2045, 2087, 3418, 3004, 3228, 2325, 2691, 2041, 0, 2295, 2690, 2602, 0, 2031, 0, 2510, 2008, 2191, 2012, 0, 0, 0, 2473, 2190, 2423, 1700, 1743, 2981, 2107, 2284, 2457, 0, 2254, 0, 2147, 1865, 1503, 2235, 1724, 3075, 3001, 2079, 1921, 1832, 1909, 2952, 0, 2101, 2221, 2335, 2119, 1861, 3375, 2946, 2985, 0, 2179, 2001, 1770, 2069, 2037, 2219, 1876, 2433, 0, 0, 2300, 0, 0, 2310, 1785, 2704, 2507, 2728, 2326, 1739, 2166, 2097, 2854, 3302, 2252, 2444, 0, 1714, 2109, 1723, 2310, 2398, 2412, 3067, 0, 3241, 2366, 0, 2766, 3225, 2980, 2704, 0, 2620, 2231, 1914, 1845, 3424, 2227, 2247, 
1968, 2918, 2342, 1705, 1859, 2007, 3266, 0, 3123, 3221, 0, 2535, 2071, 2705, 0, 0, 3029, 2245, 1936, 2756, 1932, 0, 2049, 2456, 2141, 3448, 1601, 1561, 2007, 2093, 2926, 2216, 2226, 2651, 1757, 2764, 1914, 1898, 2006, 2166, 2637, 0, 2413, 2994, 0, 3456, 3091, 1706, 1978, 1927, 2122, 2244, 1751, 0, 0, 1658, 2534, 3065, 3278, 2782, 1975, 2309, 0, 3060, 2030, 3037, 2101, 1984, 2000, 1541, 2231, 1839, 2041, 3161, 2915, 2006, 1861, 2174, 2094, 3414, 3088, 3288, 2335, 2700, 2174, 0, 2319, 2626, 2619, 0, 2035, 0, 2561, 2004, 2244, 2113, 0, 0, 0, 2531, 2262, 2479, 1688, 1863, 3107, 2100, 2276, 2494, 0, 2160, 0, 2234, 1786, 1511, 2226, 1773, 3035, 2971, 2130, 2047, 1824, 1925, 3027, 0, 2056, 2240, 2404, 2072, 1838, 3391, 2978, 2995, 0, 2081, 2041, 1817, 2140, 2100, 2191, 1875, 2366, 0, 0, 2266, 0, 0, 2278, 1887, 2751, 2608, 2722, 2322, 1783, 2194, 2241, 2818, 3423, 2306, 2476, 0, 1708, 2163, 1745, 2186, 2312, 2402, 3085, 0, 3303, 2380, 0, 2916, 3221, 3002, 2797, 0, 2530, 2266, 1931, 1836, 3394, 2257, 2261, 
1969, 2937, 2404, 1703, 1950, 2055, 3305, 0, 3125, 3150, 0, 2576, 2126, 2700, 0, 0, 3156, 2230, 1872, 2815, 1910, 0, 2014, 2428, 2236, 3474, 1603, 1663, 2010, 2148, 2980, 2267, 2186, 2645, 1731, 2781, 1839, 1908, 1929, 2194, 2634, 0, 2466, 3168, 0, 3394, 3079, 1581, 1983, 1978, 2140, 2240, 1744, 0, 0, 1697, 2559, 3176, 3285, 2775, 1924, 2316, 0, 3042, 2038, 3035, 2151, 2017, 1970, 1623, 2248, 1845, 2087, 3233, 2887, 2030, 1895, 2046, 2116, 3423, 3135, 3331, 2339, 2698, 2205, 0, 2370, 2614, 2561, 0, 1980, 0, 2515, 1984, 2117, 2167, 0, 0, 0, 2539, 2238, 2546, 1691, 1737, 3124, 2078, 2215, 2510, 0, 2178, 0, 2346, 1858, 1495, 2227, 1787, 3043, 2961, 2076, 1989, 1946, 2094, 2998, 410, 2363, 2349, 2417, 2307, 1849, 3406, 3060, 3026, 0, 2166, 1999, 1837, 2190, 2155, 2140, 1863, 2355, 0, 0, 2274, 0, 0, 2263, 1906, 2792, 2721, 2643, 2285, 1823, 2267, 2238, 2798, 3428, 2370, 2528, 0, 1709, 2158, 1795, 2063, 2474, 2317, 3059, 0, 3301, 2351, 0, 2927, 3239, 3033, 2943, 0, 2600, 2332, 1945, 1860, 3422, 2271, 2210, 
1970, 2533, 2415, 1673, 1967, 2240, 3333, 0, 3155, 3214, 0, 2609, 2197, 2815, 0, 0, 3062, 2267, 1812, 2873, 2006, 0, 2035, 2401, 2118, 3447, 1546, 1661, 2075, 2160, 2955, 2339, 2114, 2637, 1837, 2872, 1857, 1937, 1888, 2248, 2664, 0, 2572, 3053, 0, 3355, 3158, 1706, 1992, 1959, 2173, 2249, 1742, 0, 0, 1693, 2290, 3124, 3304, 2870, 1924, 2237, 0, 3099, 2140, 3140, 2240, 2029, 2021, 1534, 2233, 1844, 2075, 3250, 3012, 2104, 1930, 2102, 2143, 3435, 3129, 3455, 2485, 2740, 2158, 0, 2308, 2688, 2558, 0, 2018, 0, 2504, 2015, 2379, 2262, 0, 0, 0, 2502, 2346, 2579, 1762, 1965, 3119, 1974, 2345, 2538, 0, 2213, 0, 2338, 1816, 1511, 2197, 1774, 3026, 2960, 2066, 1959, 1992, 2073, 3013, 424, 2351, 2187, 2453, 2191, 1809, 3422, 3004, 2861, 0, 2195, 2074, 1904, 2248, 2219, 2112, 1887, 2195, 0, 0, 2294, 0, 0, 2282, 1937, 2819, 2816, 2735, 2265, 1953, 2211, 2298, 2868, 3498, 2345, 2584, 0, 1715, 2166, 1713, 2089, 2458, 2365, 3140, 0, 3356, 2413, 0, 2923, 3280, 3030, 3027, 0, 2568, 2339, 2014, 1837, 3424, 2249, 2274, 
1971, 2511, 2360, 1720, 2005, 2165, 3174, 0, 3183, 3227, 0, 2572, 2032, 3017, 0, 0, 3190, 2295, 1889, 2830, 2054, 0, 2122, 2423, 2264, 3524, 1523, 1660, 2063, 2219, 2923, 2344, 2023, 2707, 1846, 2916, 1841, 2012, 1931, 2310, 2595, 0, 2745, 3067, 0, 3359, 3187, 1725, 1960, 1987, 2108, 2241, 1795, 0, 0, 1663, 2572, 3135, 3289, 2753, 1967, 2272, 0, 3109, 2138, 3168, 2194, 1998, 2047, 1631, 2226, 1843, 2031, 3269, 2946, 1984, 1963, 2038, 2165, 3479, 3281, 3438, 2558, 2730, 2191, 0, 2309, 2744, 2494, 0, 2016, 0, 2508, 2083, 2464, 2325, 0, 0, 0, 2571, 2402, 2519, 1744, 1709, 3136, 1944, 2368, 2534, 0, 2159, 0, 2431, 1886, 1535, 2210, 1752, 3018, 3022, 2046, 2079, 1864, 2099, 3045, 434, 2271, 2314, 2448, 2235, 1833, 3429, 3025, 2973, 0, 2163, 2026, 2027, 2293, 2252, 2079, 1893, 2186, 0, 0, 2260, 0, 0, 2224, 1946, 2786, 2900, 2775, 2201, 1958, 2201, 2270, 2903, 3450, 2447, 2607, 0, 1677, 2174, 1701, 2193, 2524, 2466, 3210, 0, 3332, 2376, 0, 2778, 3245, 3052, 2873, 0, 2651, 2323, 1954, 1827, 3462, 2280, 2300, 
1972, 2657, 2386, 1848, 1959, 1958, 3059, 0, 3222, 3205, 0, 2503, 1875, 2905, 0, 0, 3099, 2304, 1797, 2904, 2007, 0, 2134, 2391, 2173, 3467, 1459, 1747, 2010, 2253, 2934, 2359, 1877, 2722, 1829, 2950, 1981, 2023, 1996, 2338, 2558, 0, 2650, 2819, 0, 3351, 3098, 1686, 1983, 2011, 2175, 2280, 1786, 0, 0, 1567, 2508, 3154, 3253, 2797, 1934, 2076, 0, 3142, 2062, 3129, 2173, 2004, 2026, 1572, 2238, 1870, 2004, 3204, 3062, 1978, 1996, 2175, 2090, 3439, 3245, 3483, 2650, 2780, 2187, 0, 2355, 2785, 2545, 0, 1999, 0, 2500, 2032, 2350, 2406, 0, 0, 0, 2528, 2364, 2549, 1680, 1673, 3130, 1876, 2370, 2572, 0, 2149, 0, 2413, 1834, 1494, 2186, 1725, 3056, 3050, 1996, 1935, 1653, 2083, 3085, 429, 2341, 2117, 2428, 2163, 1897, 3468, 2995, 3031, 0, 2085, 2176, 1961, 2319, 2246, 2046, 1760, 2153, 0, 0, 2229, 0, 0, 2203, 1879, 2858, 2975, 2799, 2163, 1943, 2205, 2276, 2857, 3522, 2485, 2668, 0, 1691, 2157, 1682, 2170, 2507, 2619, 3267, 0, 3284, 2422, 0, 2705, 3170, 3061, 2893, 0, 2606, 2270, 1929, 1829, 3423, 2292, 2323, 
1973, 2721, 2430, 1850, 1917, 1864, 3011, 0, 3096, 3291, 0, 2442, 1975, 2963, 0, 0, 3232, 2304, 1876, 2816, 1918, 0, 1993, 2380, 2052, 3467, 1435, 1722, 1932, 2236, 2961, 2423, 1766, 2569, 1898, 2957, 2069, 2044, 1945, 2368, 2537, 0, 2609, 2858, 0, 3369, 3035, 1776, 1898, 2069, 2098, 2318, 1843, 0, 0, 1517, 2430, 3194, 3269, 2792, 1928, 2063, 0, 3163, 2101, 3412, 2147, 2062, 2151, 1567, 2347, 1897, 2037, 3257, 2936, 2038, 2078, 2328, 2109, 3483, 3311, 3558, 2532, 2772, 2144, 0, 2308, 2869, 2489, 0, 1989, 0, 2499, 1977, 2377, 2746, 0, 0, 0, 2495, 2423, 2601, 1817, 1650, 3082, 2031, 2377, 2616, 0, 2186, 0, 2440, 1953, 1512, 2176, 1770, 3109, 3086, 2028, 1995, 1768, 2149, 3087, 421, 2321, 2188, 2446, 2106, 1872, 3501, 2984, 3067, 0, 2089, 2175, 1935, 2256, 2275, 2047, 1678, 2236, 0, 0, 2186, 0, 0, 2188, 1868, 2902, 3057, 2880, 2189, 2005, 2204, 2368, 2858, 3537, 2402, 2698, 0, 1814, 2213, 1716, 2052, 2559, 2610, 3180, 0, 3325, 2310, 0, 3326, 3238, 3041, 2780, 0, 2578, 2264, 1962, 1858, 3452, 2336, 2306, 
1974, 2712, 2493, 1985, 1879, 1793, 3197, 0, 3014, 3199, 0, 2381, 2052, 2848, 0, 0, 3211, 2329, 1750, 2798, 2059, 0, 1871, 2476, 2069, 3452, 1461, 1679, 1896, 2344, 2972, 2526, 1783, 2719, 1894, 2928, 2101, 2115, 1893, 2381, 2527, 0, 2822, 2417, 0, 3373, 3035, 1689, 1934, 2110, 2113, 2370, 1887, 0, 0, 1509, 2311, 3148, 3272, 2812, 2093, 1953, 0, 3108, 2139, 3348, 2054, 2041, 2129, 1605, 2378, 1897, 2008, 3374, 2941, 1929, 2094, 2404, 2152, 3523, 3219, 3474, 2614, 2745, 2164, 0, 2320, 2892, 2485, 0, 1951, 0, 2498, 2102, 2386, 2904, 0, 0, 0, 2552, 2408, 2636, 1802, 1785, 3061, 2002, 2418, 2637, 0, 2172, 0, 2505, 1887, 1556, 2161, 1760, 3144, 3093, 2000, 1999, 1878, 2056, 2981, 419, 2321, 2374, 2466, 2122, 1966, 3515, 3048, 3144, 0, 2054, 2281, 1905, 2147, 2335, 1881, 1671, 2261, 0, 0, 2144, 0, 0, 2231, 1745, 2874, 3025, 3015, 2179, 2048, 2210, 2381, 2882, 3413, 2525, 2754, 0, 1898, 2197, 1716, 1929, 2652, 2691, 3187, 0, 3360, 2356, 0, 2991, 3118, 3031, 2906, 0, 2636, 2281, 1970, 1866, 3608, 2339, 2305, 
1975, 2752, 2495, 2059, 1862, 1856, 3258, 0, 3091, 3144, 0, 2332, 1945, 2786, 0, 0, 3158, 2386, 1595, 2714, 2127, 0, 1948, 2487, 2085, 3499, 1505, 1717, 1590, 2314, 2878, 2374, 1722, 2488, 1909, 2903, 2118, 2118, 1998, 2414, 2699, 0, 2671, 2373, 0, 3369, 2989, 1661, 1984, 2073, 2209, 2408, 2029, 0, 0, 1499, 2330, 3200, 3245, 2813, 2181, 1807, 0, 3114, 2018, 3330, 2045, 2122, 2169, 1679, 2405, 1896, 2075, 3381, 2968, 2053, 2081, 2431, 2198, 3467, 3192, 3385, 2638, 2717, 2134, 0, 2316, 2912, 2524, 0, 1933, 0, 2435, 2081, 2258, 2988, 0, 0, 0, 2536, 2377, 2594, 1770, 1863, 3210, 1960, 2471, 2713, 0, 2188, 0, 2616, 1846, 1535, 2143, 1687, 2974, 3134, 2027, 2011, 1834, 2128, 2967, 416, 2234, 2368, 2377, 2185, 2004, 3539, 3027, 3065, 0, 2213, 2202, 1895, 2216, 2394, 1832, 1792, 2203, 0, 0, 2158, 0, 0, 2186, 1896, 2899, 3106, 2989, 2163, 1901, 2207, 2428, 2928, 3228, 2559, 2821, 0, 2164, 2209, 1746, 1882, 2589, 2675, 3301, 0, 3342, 2361, 0, 3126, 3126, 3032, 2978, 0, 2495, 2390, 1862, 1867, 3579, 2347, 2252, 
1976, 2823, 2680, 2047, 1890, 1790, 3185, 0, 3111, 3242, 0, 2349, 2087, 2839, 0, 0, 3155, 2370, 1898, 2793, 2128, 0, 1929, 2517, 2113, 3589, 1567, 1673, 1515, 2265, 3025, 2393, 1675, 2597, 1876, 2924, 2226, 2232, 1964, 2439, 2704, 0, 2761, 2305, 0, 3362, 2981, 1613, 2037, 2090, 2265, 2494, 2059, 0, 0, 1496, 2274, 3141, 3277, 2829, 2213, 1844, 0, 3185, 1897, 3318, 2098, 2067, 2200, 1750, 2464, 1931, 2099, 3291, 3027, 1917, 2055, 2453, 2226, 3425, 3225, 3386, 2684, 2752, 2270, 0, 2349, 2860, 2650, 0, 1943, 0, 2463, 2180, 2388, 3122, 0, 0, 0, 2584, 2371, 2614, 1899, 1833, 3277, 1982, 2480, 2688, 0, 2288, 0, 2549, 1902, 1550, 2159, 1751, 3063, 3232, 2043, 2087, 1753, 2240, 3181, 412, 2247, 2074, 2457, 2123, 2059, 3591, 3006, 3236, 0, 2254, 2199, 1949, 2242, 2446, 1927, 1911, 2204, 0, 0, 2113, 0, 0, 2174, 1834, 2853, 3157, 3004, 2179, 1953, 2229, 2492, 3007, 3314, 2642, 2794, 0, 2216, 2165, 1783, 1815, 2699, 2626, 3372, 0, 3404, 2396, 0, 3132, 3168, 3164, 2880, 0, 2407, 2461, 1886, 1936, 3648, 2356, 2279, 
1977, 2487, 2776, 2208, 1951, 1708, 3171, 0, 3073, 3191, 0, 2208, 1897, 2852, 0, 0, 3152, 2410, 1839, 2691, 2076, 0, 1994, 2552, 2087, 3502, 1400, 1679, 1530, 2250, 3001, 2398, 1682, 2556, 1915, 2914, 2357, 2211, 2000, 2473, 2712, 0, 2720, 2321, 0, 3311, 3007, 1561, 2132, 2162, 2265, 2538, 2104, 0, 0, 1537, 2382, 3041, 3335, 2776, 2279, 1827, 0, 3138, 1700, 3334, 2217, 2106, 2250, 1833, 2472, 1897, 2089, 3279, 3036, 2100, 2104, 2481, 2298, 3509, 3217, 3325, 2640, 2774, 2344, 0, 2361, 2777, 2720, 0, 2024, 0, 2618, 2281, 2524, 3142, 0, 0, 0, 2464, 2344, 2635, 1921, 1754, 3247, 2011, 2536, 2726, 0, 2231, 0, 2606, 1843, 1577, 2188, 1772, 3096, 3113, 2092, 2110, 1777, 2197, 3161, 409, 2248, 2353, 2540, 2065, 2118, 3580, 2980, 3222, 0, 2270, 2217, 2131, 2267, 2468, 2059, 2115, 2064, 0, 0, 2141, 0, 0, 2195, 1807, 2840, 3110, 2984, 2194, 2029, 2257, 2361, 2964, 3493, 2731, 2800, 0, 2218, 2115, 1903, 1788, 2675, 2726, 3305, 0, 3367, 2360, 0, 3120, 3160, 3136, 2697, 0, 2510, 2601, 1818, 1998, 3653, 2430, 2296, 
1978, 2618, 2686, 2344, 1990, 1648, 3230, 0, 3024, 3210, 0, 2171, 2028, 2952, 0, 0, 3144, 2495, 1879, 2839, 2117, 0, 1874, 2594, 2343, 3568, 1579, 2059, 1577, 2220, 2928, 2347, 1658, 2610, 2062, 2888, 2446, 2277, 2004, 2453, 2761, 0, 2801, 2400, 0, 3360, 3022, 1431, 2200, 2136, 2262, 2631, 2136, 0, 0, 1558, 2393, 3035, 3383, 2777, 2337, 1895, 0, 3251, 1670, 3331, 2269, 2122, 2319, 1952, 2465, 1924, 2056, 3318, 3094, 2139, 2140, 2515, 2462, 3588, 3137, 3503, 2708, 2790, 2433, 0, 2367, 2852, 2802, 0, 1962, 0, 2660, 2356, 2508, 3212, 0, 0, 0, 2452, 2317, 2666, 2017, 1659, 3228, 2086, 2589, 2810, 0, 2316, 0, 2634, 1833, 1620, 2211, 1810, 3081, 3123, 2018, 2123, 1784, 2197, 3220, 403, 2328, 2118, 2588, 1915, 2162, 3587, 2827, 3255, 0, 2248, 2246, 2207, 2229, 2445, 2055, 2326, 2084, 0, 0, 2127, 0, 0, 2189, 1658, 2851, 3178, 3028, 2257, 2166, 2275, 2399, 2932, 3451, 2775, 2801, 0, 2206, 2315, 2013, 1892, 2798, 2805, 3304, 0, 3389, 2273, 0, 3174, 3093, 3154, 2696, 0, 2620, 2596, 1770, 2096, 3610, 2297, 2275, 
1979, 2623, 2607, 2444, 1963, 1737, 3204, 0, 3006, 3280, 0, 2256, 2083, 2856, 0, 0, 3136, 2515, 1980, 2886, 2144, 0, 2015, 2700, 2336, 3586, 1675, 2123, 1612, 2251, 2924, 2363, 1666, 2654, 2077, 2931, 2635, 2248, 2012, 2488, 2905, 0, 2710, 2523, 0, 3343, 3049, 1357, 2049, 2162, 2251, 2756, 2205, 0, 0, 1759, 2473, 3001, 3380, 2784, 2261, 1892, 0, 3274, 1621, 3332, 2285, 2127, 2395, 1936, 2383, 1931, 2041, 3271, 3188, 2017, 2197, 2579, 2587, 3548, 3124, 3610, 2583, 2807, 2495, 0, 2312, 2941, 2892, 0, 1933, 0, 2733, 2285, 2554, 3238, 0, 0, 0, 2404, 2263, 2730, 2125, 1759, 3202, 2021, 2653, 2847, 0, 2341, 0, 2707, 1847, 1645, 2235, 1744, 3110, 3049, 1956, 2125, 1735, 2341, 3259, 399, 2280, 2088, 2526, 2042, 2173, 3585, 2764, 3191, 0, 2282, 2309, 2247, 2356, 2472, 2004, 2632, 2187, 0, 0, 2109, 0, 0, 2244, 1686, 2817, 3140, 3087, 2305, 2091, 2259, 2378, 2966, 3401, 2838, 2818, 0, 2234, 2140, 2122, 2035, 2790, 2820, 3377, 0, 3383, 2134, 0, 3062, 3165, 3213, 2882, 0, 2660, 2663, 1915, 2060, 3611, 2297, 2249, 
1980, 2479, 2598, 2563, 1964, 1954, 3223, 0, 3054, 3353, 0, 2610, 2022, 3027, 0, 0, 3270, 2629, 1873, 2907, 2087, 0, 1967, 2695, 2540, 3587, 1562, 2090, 1679, 2225, 2946, 2310, 1636, 2680, 2146, 2909, 2766, 2322, 2064, 2561, 2918, 0, 2886, 2451, 0, 3341, 3120, 1429, 2223, 2251, 2364, 2836, 2242, 0, 0, 1841, 2504, 3089, 3373, 2682, 2260, 1957, 0, 3270, 1582, 3187, 2252, 2158, 2355, 2021, 2431, 1912, 2065, 3378, 3150, 1989, 2236, 2654, 2673, 3573, 3100, 3602, 2653, 2799, 2537, 0, 2291, 2894, 2923, 0, 1948, 0, 2818, 2254, 2469, 3247, 0, 0, 0, 2423, 2221, 2761, 2249, 1678, 3230, 2103, 2618, 3000, 0, 2342, 0, 2655, 1877, 1627, 2255, 1755, 3104, 3063, 2023, 2170, 1857, 2191, 3343, 399, 2194, 2099, 2535, 2043, 2272, 3575, 2786, 3155, 0, 2272, 2361, 2175, 2381, 2430, 2057, 2874, 2180, 0, 0, 2130, 0, 0, 2203, 1677, 2863, 3023, 3070, 2276, 2070, 2383, 2372, 2987, 3510, 2959, 2751, 0, 2223, 2139, 2075, 2050, 2976, 2952, 3444, 0, 3380, 2037, 0, 3377, 3115, 3179, 2865, 0, 2581, 2710, 1930, 2016, 3664, 2274, 2286, 
1981, 2483, 2675, 2595, 1884, 2021, 3199, 0, 3068, 3346, 0, 2486, 1994, 3016, 0, 0, 3267, 2637, 1834, 2967, 2067, 0, 1986, 2613, 2431, 3657, 1505, 2241, 1776, 2152, 2899, 2319, 1615, 2698, 2165, 2963, 2865, 2356, 2024, 2492, 2973, 0, 2924, 2472, 0, 3389, 3125, 1440, 2245, 2215, 2260, 2981, 2276, 0, 0, 1756, 2205, 3027, 3420, 2670, 2259, 2033, 0, 3264, 1578, 3360, 2220, 2384, 2439, 2143, 2505, 1955, 2119, 3396, 3272, 2050, 2313, 2717, 2832, 3540, 3145, 3512, 2583, 2748, 2588, 0, 2261, 2803, 2907, 0, 1947, 0, 2789, 2315, 2499, 3305, 0, 0, 0, 2433, 2261, 2744, 2276, 1602, 3169, 2123, 2679, 3136, 0, 2331, 0, 2706, 1811, 1702, 2236, 1797, 3025, 3065, 2131, 2172, 1879, 2295, 3329, 394, 2172, 2237, 2456, 2198, 2217, 3361, 2777, 3137, 0, 2254, 2257, 2256, 2473, 2494, 2038, 2893, 2424, 0, 0, 2114, 0, 0, 2168, 1949, 2830, 2969, 3006, 2238, 2067, 2285, 2385, 2963, 3522, 3041, 2713, 0, 2196, 2143, 2134, 2025, 2954, 2862, 3342, 0, 3355, 2092, 0, 3383, 3091, 3218, 2864, 0, 2504, 2756, 2000, 2024, 3677, 2241, 2215, 
1982, 2480, 2667, 2569, 1756, 1928, 3061, 0, 3098, 3399, 0, 2734, 2029, 2909, 0, 0, 3380, 2606, 1860, 2975, 2004, 0, 2015, 2640, 2507, 3639, 1668, 2105, 1805, 2148, 2956, 2237, 1609, 2605, 2327, 2990, 2950, 2325, 2124, 2417, 2922, 0, 3001, 2671, 0, 3440, 3084, 1496, 2274, 2199, 2289, 3042, 2238, 0, 0, 1774, 2473, 3108, 3418, 2698, 2338, 2074, 0, 3331, 1484, 3398, 2185, 2257, 2350, 2145, 2459, 1925, 2031, 3411, 3161, 2025, 2316, 2701, 2961, 3607, 3292, 3393, 2515, 2813, 2591, 0, 2248, 2810, 3002, 0, 1962, 0, 2869, 2263, 2546, 3312, 0, 0, 0, 2252, 2263, 2736, 2315, 1795, 3069, 2165, 2629, 3132, 0, 2332, 0, 2777, 1751, 1769, 2212, 1750, 3089, 3080, 2010, 2223, 1875, 2008, 3145, 384, 2229, 2276, 2520, 2177, 2198, 3281, 2823, 2971, 0, 2274, 2264, 2259, 2420, 2511, 2002, 2895, 2365, 0, 0, 2103, 0, 0, 2240, 2023, 2913, 2939, 3094, 2252, 1952, 2313, 2448, 2979, 3481, 3118, 2688, 0, 2231, 2001, 2148, 1971, 2967, 2861, 3413, 0, 3378, 2218, 0, 3417, 3120, 3192, 2788, 0, 2561, 2572, 1947, 2090, 3644, 2143, 2219, 
1983, 2524, 2798, 2551, 1726, 1999, 2990, 0, 3035, 3357, 0, 2675, 2049, 2944, 0, 0, 3372, 2478, 1745, 3029, 1913, 0, 2087, 2606, 2613, 3615, 1587, 2337, 1875, 2113, 2913, 2107, 1585, 2538, 2398, 3038, 2978, 2356, 2102, 2514, 2822, 0, 3067, 2658, 0, 3406, 3027, 1530, 2235, 2218, 2193, 3031, 2226, 0, 0, 1782, 2488, 2989, 3453, 2700, 2399, 2149, 0, 3372, 1520, 3428, 2101, 2118, 2341, 2141, 2527, 1942, 2098, 3423, 3158, 2201, 2378, 2768, 3048, 3546, 3278, 3361, 2525, 2826, 2569, 0, 2199, 2692, 2990, 0, 1928, 0, 2920, 2330, 2426, 3348, 0, 0, 0, 2409, 2157, 2762, 2290, 1737, 3087, 2452, 2601, 3108, 0, 2377, 0, 2760, 1712, 1784, 2183, 1896, 3077, 2973, 2062, 2228, 1723, 2028, 3158, 375, 2221, 2306, 2536, 2206, 2042, 3359, 2838, 2998, 0, 2256, 2313, 2252, 2398, 2498, 2039, 2919, 2198, 0, 0, 1986, 0, 0, 2223, 1955, 2839, 2951, 3059, 2305, 2028, 2451, 2405, 2981, 3456, 3069, 2638, 0, 2201, 2125, 2125, 1858, 2978, 2996, 3428, 0, 3388, 2319, 0, 3470, 3112, 3231, 2573, 0, 2627, 2612, 1972, 2055, 3674, 2137, 2180, 
1984, 2453, 2721, 2500, 1671, 2224, 3036, 0, 3083, 3360, 0, 2641, 2024, 2895, 0, 0, 3447, 2479, 1974, 3070, 1993, 0, 2206, 2593, 2713, 3609, 1546, 2373, 1850, 2001, 2988, 1922, 1554, 2571, 2432, 3044, 2779, 2323, 2128, 2560, 2859, 0, 3119, 2777, 0, 3450, 3010, 1520, 2407, 2272, 2246, 3034, 2255, 0, 0, 1573, 2545, 3003, 3445, 2726, 2466, 2178, 0, 3389, 1762, 3547, 2099, 2015, 2427, 2133, 2475, 1880, 2096, 3393, 3171, 2208, 2406, 2734, 3205, 3541, 3264, 3407, 2602, 2827, 2602, 0, 2030, 2680, 2989, 0, 1898, 0, 2941, 2295, 2395, 3281, 0, 0, 0, 2387, 2069, 2771, 2291, 1840, 2980, 2431, 2642, 3047, 0, 2333, 0, 2830, 1775, 1816, 2171, 1916, 3113, 3067, 2140, 2178, 1751, 2069, 3194, 367, 2228, 2321, 2495, 1986, 2139, 3339, 2867, 3074, 0, 2158, 2441, 2387, 2412, 2478, 2100, 2710, 2306, 0, 0, 1961, 0, 0, 2231, 1963, 2844, 2998, 3083, 2277, 1789, 2631, 2456, 3052, 3412, 3016, 2616, 0, 2239, 2069, 2159, 1890, 2989, 3048, 3416, 0, 3387, 2177, 0, 3600, 3128, 3275, 2668, 0, 2742, 2754, 2025, 2105, 3634, 2120, 2127, 
1985, 2404, 2565, 2610, 1683, 2167, 3117, 0, 3122, 3373, 0, 2688, 2065, 2883, 0, 0, 3403, 2451, 1963, 3107, 2089, 0, 2167, 2625, 2885, 3595, 1727, 2223, 1790, 2038, 3036, 1839, 1765, 2479, 2428, 3061, 2719, 2283, 2124, 2636, 2789, 0, 3120, 2849, 0, 3435, 3159, 1559, 2469, 2370, 2232, 3050, 2237, 0, 0, 1562, 2597, 2966, 3485, 2718, 2445, 2371, 0, 3418, 1779, 3507, 2097, 2198, 2408, 2345, 2464, 1900, 2136, 3422, 3129, 2151, 2420, 2708, 3322, 3576, 3321, 3412, 2532, 2860, 2651, 0, 2179, 2675, 2900, 0, 1897, 0, 2925, 2301, 2423, 3246, 0, 0, 0, 2377, 2080, 2666, 2296, 2096, 3054, 2450, 2682, 3097, 0, 2234, 0, 2863, 1834, 1775, 2107, 1937, 3125, 3024, 2163, 2123, 1862, 2072, 3189, 369, 2169, 2459, 2602, 2061, 2107, 3360, 3006, 3032, 0, 2224, 2601, 2408, 2408, 2693, 2077, 2687, 2421, 0, 0, 1972, 0, 0, 2251, 2026, 2887, 2952, 3127, 2293, 1993, 2605, 2387, 2976, 3408, 3038, 2691, 0, 2254, 2041, 2118, 2036, 2873, 3063, 3625, 0, 3381, 2073, 0, 3431, 3190, 3380, 2643, 0, 2787, 2635, 2006, 2053, 3615, 2024, 2083, 
1986, 2397, 2690, 2625, 1640, 2188, 3028, 0, 3076, 3428, 0, 2726, 2063, 3024, 0, 0, 3440, 2434, 1984, 3072, 1969, 0, 2168, 2679, 2695, 3656, 2041, 2375, 1777, 2098, 3077, 1902, 1623, 2484, 2424, 3099, 2697, 2270, 2115, 2630, 2768, 0, 3069, 2735, 0, 3478, 3128, 1599, 2698, 2370, 2309, 3041, 2177, 0, 0, 1634, 2510, 2965, 3460, 2730, 2458, 2556, 0, 3401, 1831, 3333, 2131, 2349, 2453, 2246, 2487, 1870, 2154, 3441, 3266, 2155, 2448, 2715, 3422, 3615, 3359, 3494, 2564, 2874, 2611, 0, 2218, 2602, 2944, 0, 1920, 0, 2942, 2309, 2491, 3254, 0, 0, 0, 2373, 2020, 2651, 2335, 2211, 2917, 2438, 2748, 3053, 0, 2307, 0, 2985, 1703, 1747, 2092, 1878, 3133, 3154, 2195, 2089, 2006, 2178, 3227, 352, 2162, 2505, 2524, 2299, 2122, 3425, 3155, 2939, 0, 2089, 2596, 2444, 2402, 2577, 1933, 2587, 2322, 0, 0, 1991, 0, 0, 2231, 2092, 2817, 2997, 3068, 2273, 2036, 2473, 2432, 2972, 3429, 3019, 2729, 0, 2263, 2071, 2107, 1852, 3017, 3128, 3616, 0, 3364, 2084, 0, 3383, 3209, 3353, 2556, 0, 2696, 2398, 2059, 2133, 3706, 2033, 2049, 
1987, 2728, 2496, 2631, 1628, 2241, 3098, 0, 3104, 3418, 0, 2720, 2134, 3073, 0, 0, 3411, 2512, 1823, 3043, 1992, 0, 2182, 2710, 2642, 3677, 2024, 2587, 1900, 1978, 3131, 1867, 1574, 2484, 2438, 3154, 2595, 2368, 2154, 2669, 2663, 0, 3071, 2717, 0, 3494, 3201, 1558, 2830, 2297, 2306, 3118, 2167, 0, 0, 1581, 2486, 2941, 3531, 2666, 2412, 2495, 0, 3380, 1935, 3460, 2341, 2332, 2438, 2258, 2515, 1793, 2183, 3600, 3172, 2166, 2491, 2786, 3449, 3588, 3443, 3512, 2617, 2894, 2655, 0, 2131, 2587, 2988, 0, 1944, 0, 2996, 2277, 2489, 3237, 0, 0, 0, 2284, 1995, 2605, 2254, 2203, 3028, 2473, 2752, 2948, 0, 2245, 0, 2968, 1763, 1746, 2144, 2050, 3153, 3158, 2132, 2128, 1971, 2179, 3301, 362, 2216, 2243, 2530, 2262, 2141, 3454, 3319, 2900, 0, 2007, 2652, 2482, 2396, 2671, 1916, 2555, 2103, 0, 0, 2001, 0, 0, 2230, 2076, 2924, 3073, 3166, 2219, 1955, 2521, 2421, 2896, 3441, 2931, 2762, 0, 2272, 2046, 2086, 1761, 2926, 3112, 3684, 0, 3405, 2133, 0, 3495, 3225, 3449, 2612, 0, 2662, 2571, 1992, 2157, 3663, 2037, 2011, 
1988, 2519, 2593, 2695, 1600, 2336, 3014, 0, 3107, 3417, 0, 2786, 2106, 3067, 0, 0, 3549, 2476, 1925, 2888, 1959, 0, 2200, 2700, 2781, 3700, 2020, 2651, 1939, 1945, 3017, 1865, 1750, 2460, 2415, 3196, 2614, 2333, 2135, 2695, 2670, 0, 2983, 2624, 0, 3593, 3248, 1586, 2908, 2225, 2342, 3109, 2226, 0, 0, 1647, 2560, 3098, 3558, 2687, 2473, 2456, 0, 3404, 1906, 3540, 2384, 2348, 2514, 2213, 2437, 1733, 2241, 3530, 3099, 2268, 2588, 2711, 3440, 3586, 3361, 3532, 2537, 2942, 2670, 0, 2063, 2580, 3012, 0, 1886, 0, 3118, 2290, 2582, 3263, 0, 0, 0, 2177, 2003, 2617, 2285, 2362, 3137, 2471, 2738, 3011, 0, 2282, 0, 3048, 1822, 1687, 2116, 2235, 3214, 3121, 2113, 2155, 2017, 2128, 3123, 337, 2164, 2193, 2498, 2280, 2138, 3473, 3331, 2919, 0, 1863, 2683, 2395, 2363, 2697, 1984, 2791, 2101, 0, 0, 1954, 0, 0, 2216, 2013, 2873, 3086, 3237, 2232, 2039, 2480, 2419, 2949, 3439, 2932, 2813, 0, 2220, 2056, 2089, 1939, 2776, 3154, 3721, 0, 3395, 2194, 0, 3365, 3246, 3456, 2589, 0, 2587, 2763, 1984, 2243, 3640, 2070, 2045, 
1989, 2463, 2566, 2757, 1582, 2459, 2959, 0, 3121, 3475, 0, 2778, 2080, 3115, 0, 0, 3470, 2409, 2112, 2913, 2025, 0, 2109, 2743, 2804, 3625, 2088, 2467, 1878, 1999, 3040, 1894, 1671, 2499, 2402, 3230, 2757, 2377, 2097, 2711, 2611, 0, 3003, 2676, 0, 3607, 3182, 1524, 2975, 2267, 2281, 3086, 2256, 0, 0, 1568, 2573, 3225, 3557, 2689, 2455, 2409, 0, 3403, 1920, 3626, 2435, 2220, 2496, 2192, 2408, 1692, 2286, 3498, 3132, 2359, 2604, 2854, 3439, 3588, 3344, 3546, 2598, 2969, 2640, 0, 2079, 2541, 3055, 0, 1916, 0, 3228, 2324, 2593, 3258, 0, 0, 0, 2184, 1944, 2621, 2430, 2364, 3166, 2490, 2751, 2977, 0, 2253, 0, 2996, 1746, 1575, 2034, 2302, 3151, 3073, 2085, 2159, 2101, 2231, 3183, 349, 2354, 2175, 2544, 2175, 2211, 3491, 3358, 2918, 0, 1877, 2598, 2442, 2301, 2623, 2144, 2741, 2102, 0, 0, 1965, 0, 0, 2194, 1976, 2828, 3063, 3240, 2189, 1944, 2464, 2410, 2977, 3423, 2828, 2894, 0, 2272, 2032, 2075, 1965, 2679, 3150, 3720, 0, 3349, 2315, 0, 3348, 3218, 3433, 2508, 0, 2508, 2298, 1986, 2196, 3635, 2071, 2048, 
1990, 2314, 2561, 2753, 1637, 2434, 2913, 0, 3164, 3506, 0, 2714, 2108, 3086, 0, 0, 3513, 2455, 2133, 2791, 1940, 0, 2211, 2714, 2730, 3128, 2196, 2365, 1933, 1995, 3024, 1902, 1648, 2567, 2502, 3169, 2823, 2384, 1997, 2741, 2568, 0, 2913, 2681, 0, 3648, 3162, 1613, 2946, 2063, 2243, 3158, 2308, 0, 0, 1550, 2681, 3145, 3503, 2733, 2338, 2520, 0, 3263, 1724, 3534, 2482, 2355, 2431, 2250, 2352, 1744, 2311, 3380, 3040, 2193, 2337, 2881, 3244, 3625, 3400, 3586, 2636, 2948, 2770, 0, 2034, 2620, 2302, 0, 2001, 0, 3228, 2327, 2153, 3296, 0, 0, 0, 2188, 1912, 2639, 2279, 2398, 3020, 2510, 2781, 2971, 0, 2256, 0, 3091, 1817, 1694, 2062, 2169, 3278, 3253, 1733, 2276, 2191, 2370, 3153, 0, 2321, 2239, 2416, 2021, 2257, 3347, 3403, 3127, 0, 1716, 2466, 2480, 2322, 2583, 2212, 2858, 2235, 0, 0, 1947, 0, 0, 2112, 1840, 2831, 2956, 3286, 2152, 1914, 2436, 2347, 2971, 3442, 2864, 2932, 0, 2185, 2125, 1816, 2086, 2617, 3154, 3775, 0, 3372, 2323, 0, 3049, 3239, 3492, 2510, 0, 2576, 2386, 1899, 2048, 3671, 2059, 2010, 
1991, 2042, 2575, 2731, 1608, 2492, 3010, 0, 3103, 3553, 0, 2607, 2112, 2981, 0, 0, 3560, 2505, 2199, 2784, 2020, 0, 2220, 2775, 2624, 3043, 2233, 2262, 2007, 1977, 3039, 1914, 1799, 2602, 2430, 3178, 2778, 2393, 1996, 2726, 2583, 0, 2729, 2734, 0, 3299, 3227, 1505, 2879, 2139, 2171, 3152, 2408, 0, 0, 1579, 2718, 3111, 3541, 2689, 2540, 2547, 0, 3323, 2087, 3531, 2441, 2321, 2421, 2321, 2360, 1752, 2279, 3203, 3100, 2287, 2357, 2939, 2350, 3578, 3426, 3639, 2573, 2933, 2823, 0, 1994, 2714, 1893, 0, 1979, 0, 3268, 2380, 2327, 3233, 0, 0, 0, 2093, 1913, 2642, 2359, 2372, 3161, 2498, 2782, 2988, 0, 2188, 0, 3070, 1719, 1691, 2069, 2204, 3347, 3176, 1798, 2091, 2337, 2366, 3221, 0, 2201, 2198, 2389, 2179, 2212, 3289, 3428, 2922, 0, 1836, 2466, 2525, 2353, 2569, 2226, 2858, 2238, 0, 0, 1989, 0, 0, 2175, 1663, 2815, 2951, 3383, 2175, 2026, 2537, 2301, 2939, 3352, 2876, 2969, 0, 2230, 2211, 1933, 1925, 2663, 3109, 3723, 0, 3034, 2264, 0, 3068, 3205, 3524, 2690, 0, 2559, 2448, 1851, 2028, 3449, 2033, 1960, 
1992, 1890, 2657, 2864, 1624, 2501, 3078, 2185, 3105, 3541, 2318, 2502, 2106, 2962, 3100, 0, 3651, 2674, 2142, 2974, 2023, 2353, 2194, 2767, 2815, 3021, 2290, 2502, 2033, 2077, 3093, 1902, 1818, 2708, 2455, 3088, 2708, 2443, 2007, 2712, 2585, 2313, 2505, 2776, 0, 3163, 3337, 1501, 2850, 2138, 2292, 3157, 2410, 2537, 0, 1555, 2738, 3188, 3547, 2793, 2479, 2496, 1926, 3394, 2112, 3593, 2434, 2279, 2449, 2372, 2403, 1721, 2320, 3282, 3088, 2322, 2416, 3023, 2244, 3623, 3450, 3540, 2621, 2942, 2737, 2828, 1931, 2725, 2202, 2666, 1946, 3262, 3245, 2378, 2272, 3214, 2982, 0, 2366, 2094, 1800, 2759, 2356, 2355, 3124, 2518, 2804, 3002, 2473, 1851, 0, 2899, 1699, 1693, 2035, 2207, 3316, 3180, 1784, 2067, 2435, 2224, 3215, 0, 2297, 2298, 2379, 2138, 2245, 3362, 3403, 2835, 2924, 1830, 2460, 2670, 2344, 2441, 2182, 2778, 2108, 0, 2982, 2016, 0, 2592, 2178, 1596, 2797, 3005, 3364, 2144, 2011, 2495, 2337, 3046, 3419, 2931, 2959, 2045, 2142, 2229, 1985, 1894, 2564, 3144, 3709, 2557, 0, 2214, 3367, 3185, 3267, 3559, 2773, 2710, 2545, 2548, 1916, 2106, 0, 2003, 1952, 
1993, 1908, 2796, 2863, 1565, 2334, 3114, 2103, 3031, 3505, 2234, 2421, 2006, 2883, 3193, 0, 3599, 2656, 2154, 2937, 2007, 2455, 2065, 2771, 2784, 2956, 2311, 2442, 2023, 1981, 3121, 1878, 1652, 2713, 2539, 3152, 2730, 2485, 1989, 2749, 2514, 2240, 2319, 2786, 3038, 0, 3340, 1571, 2829, 2218, 2289, 3177, 2382, 2586, 1510, 0, 2851, 3036, 3538, 2783, 2515, 2467, 1664, 3203, 2276, 3534, 2459, 2353, 2430, 2305, 2456, 1713, 2326, 3103, 3071, 2260, 2432, 3094, 2254, 3533, 3397, 3470, 2701, 2923, 2726, 2905, 1890, 2771, 2468, 2405, 1948, 3264, 3244, 2374, 2093, 3212, 2816, 0, 2315, 2090, 1879, 2787, 2411, 2346, 3120, 2585, 2782, 3006, 2478, 1853, 0, 2878, 1704, 1736, 2003, 2164, 3321, 3210, 1845, 2038, 2523, 2277, 3220, 0, 2325, 2336, 2440, 2154, 2206, 3426, 3457, 3001, 2969, 1832, 2380, 2667, 2451, 2333, 2191, 2742, 2225, 0, 2899, 2034, 2785, 2782, 2163, 1606, 2838, 2961, 3314, 2086, 2093, 2529, 2282, 3131, 3358, 2876, 3037, 2068, 2099, 2228, 2031, 1959, 2542, 3165, 3729, 2577, 0, 2237, 3242, 3222, 3210, 3604, 2761, 2706, 2511, 2427, 2019, 2091, 0, 1986, 1940, 
1994, 1821, 2879, 2760, 1644, 2214, 3154, 2251, 3039, 3552, 2110, 2418, 1999, 2879, 3124, 0, 3570, 2617, 2180, 2774, 1957, 2644, 2185, 2813, 2872, 2872, 2342, 2427, 2035, 1998, 3206, 1878, 1977, 2746, 2602, 3202, 2623, 2522, 1977, 2742, 2540, 2367, 2361, 2802, 2977, 0, 3317, 1592, 2843, 2248, 2396, 3240, 2379, 2766, 1547, 0, 2794, 2988, 3510, 2798, 2450, 2379, 1963, 3212, 2306, 3568, 2439, 2360, 2410, 2338, 2526, 1700, 2354, 3025, 3106, 2283, 2472, 3065, 2223, 3579, 3351, 3481, 2714, 2932, 2629, 2883, 2044, 2666, 2911, 2414, 1977, 3165, 3278, 2401, 1984, 3231, 2779, 0, 2685, 2028, 1900, 2828, 2508, 2331, 3159, 2485, 2824, 3002, 2438, 1852, 0, 2999, 1696, 1712, 1998, 2217, 3234, 3168, 1922, 1981, 2499, 2246, 3273, 367, 2377, 2338, 2545, 2203, 2310, 3301, 3488, 2930, 2913, 1801, 2402, 2707, 2318, 2385, 2227, 2701, 2146, 0, 2766, 2117, 2979, 2841, 2289, 1629, 2825, 2980, 3286, 2251, 2133, 2505, 2305, 3089, 3334, 2873, 3039, 2028, 2084, 2322, 2005, 2042, 2543, 3117, 3728, 2544, 0, 2221, 2981, 3292, 3231, 3663, 2805, 2692, 2524, 2395, 2048, 2050, 0, 2031, 1926, 
1995, 1845, 2717, 2781, 1688, 2147, 3162, 2271, 3090, 3578, 2112, 2449, 2040, 2835, 3196, 0, 3554, 2664, 2202, 2875, 2105, 2635, 2187, 2810, 2823, 2896, 2336, 2293, 2033, 2010, 3207, 1880, 1798, 2757, 2690, 3241, 2714, 2578, 1976, 2772, 2570, 2544, 2322, 2812, 3208, 0, 3396, 1707, 2929, 2274, 2301, 3293, 2392, 2943, 1573, 0, 2739, 3031, 3533, 2810, 2532, 2371, 2382, 3249, 2345, 3500, 2380, 2277, 2372, 2355, 2574, 1758, 2385, 2946, 3095, 2314, 2551, 3025, 2200, 3514, 3462, 3500, 2680, 2920, 2685, 2839, 2056, 2794, 3189, 2384, 1967, 3068, 3278, 2292, 1937, 3217, 2822, 0, 2578, 2022, 2005, 2906, 2416, 2340, 3268, 2532, 2886, 2963, 2488, 2033, 0, 2950, 1863, 1769, 2031, 2207, 3363, 3190, 1958, 2060, 2560, 2103, 3219, 1172, 2366, 2221, 2531, 2206, 2289, 3319, 3453, 3027, 2891, 1739, 2441, 2648, 2318, 2453, 2107, 2844, 2167, 0, 2878, 2135, 2830, 2906, 2382, 1626, 2809, 3020, 3270, 2191, 2161, 2541, 2214, 3085, 3312, 2965, 3053, 1974, 2032, 2368, 2032, 2045, 2592, 3129, 3714, 2537, 0, 2228, 2885, 3237, 3180, 3580, 2687, 2652, 2538, 2457, 2018, 2041, 0, 2062, 1942, 
1996, 1843, 2835, 2783, 1732, 2149, 3157, 2416, 3063, 3627, 2258, 2430, 2046, 2881, 3285, 0, 3590, 2616, 2234, 2827, 2045, 2874, 2214, 2837, 2901, 2740, 2337, 2303, 1896, 2003, 3249, 1896, 1814, 2777, 2691, 3148, 2659, 2568, 1966, 2713, 2605, 2553, 2445, 2712, 3316, 0, 3293, 1688, 2880, 2172, 2300, 3310, 2402, 3075, 1656, 0, 2817, 3016, 3518, 2813, 2622, 2391, 2541, 3298, 2371, 3494, 2360, 2247, 2351, 2250, 2582, 1806, 2406, 2927, 3016, 2335, 2547, 3051, 2172, 3610, 3502, 3557, 2711, 2960, 2658, 2862, 2054, 2752, 3240, 2507, 2019, 2995, 3299, 2351, 1946, 3241, 2997, 0, 2584, 2016, 2015, 2914, 2422, 2371, 3286, 2562, 2863, 2990, 2448, 2039, 0, 3087, 1955, 1788, 2037, 2190, 3374, 3175, 1970, 2099, 2553, 2081, 3308, 2317, 2374, 2248, 2545, 2270, 2361, 3340, 3506, 3054, 2786, 1695, 2469, 2647, 2321, 2492, 2164, 2909, 2105, 0, 3037, 2177, 2900, 3048, 2307, 1589, 2795, 3060, 3360, 2206, 2143, 2579, 2218, 3034, 3341, 3045, 3077, 1933, 2040, 2520, 1887, 2114, 2636, 3200, 3686, 2509, 0, 2126, 2799, 3232, 3267, 3587, 2784, 2591, 2625, 2404, 2010, 2034, 0, 2042, 1978, 
1997, 1873, 2724, 2732, 1731, 2147, 3134, 2330, 3088, 3576, 2075, 2587, 2095, 2952, 3281, 0, 3666, 2634, 2245, 2740, 2054, 3089, 2163, 2851, 2800, 2675, 2308, 2329, 1890, 2068, 3382, 1915, 1895, 2788, 2722, 3116, 2576, 2577, 1990, 2716, 2669, 2528, 2563, 2709, 3235, 0, 3364, 1753, 2915, 2150, 2335, 3332, 2425, 3023, 1683, 0, 2841, 3148, 3547, 2777, 2609, 2475, 2649, 3176, 2391, 3495, 2370, 2128, 2290, 2185, 2671, 1837, 2398, 3006, 3093, 2357, 2499, 3090, 2111, 3688, 3507, 3572, 2692, 2937, 2747, 2855, 2013, 2761, 3309, 2639, 2022, 2916, 3381, 2393, 2125, 3226, 3173, 0, 2768, 2017, 2055, 2903, 2392, 2359, 3292, 2584, 2817, 2967, 2454, 2030, 0, 3093, 1986, 1838, 2066, 2244, 3271, 3172, 1951, 2174, 2597, 2132, 3324, 2286, 2372, 2173, 2598, 2327, 2343, 3317, 3385, 3045, 2854, 1649, 2373, 2745, 2306, 2543, 2184, 2971, 2113, 0, 2988, 2200, 2901, 2926, 2405, 1620, 2814, 3070, 3331, 2234, 2142, 2537, 2153, 3084, 3319, 3037, 3084, 1917, 2004, 2500, 1922, 2155, 2614, 3249, 3603, 2537, 0, 2149, 2851, 3240, 3326, 3647, 2746, 2540, 2667, 2303, 1975, 2048, 0, 1977, 2004, 
1998, 1902, 2725, 2789, 1752, 2144, 3168, 2311, 3006, 3705, 2116, 2562, 2159, 2809, 3217, 0, 3653, 2630, 2224, 2735, 1953, 3024, 2078, 2849, 2824, 2819, 2283, 2325, 1972, 2073, 3443, 1987, 2036, 2793, 2768, 3023, 2492, 2550, 2040, 2755, 2634, 2517, 2650, 2709, 3269, 0, 3396, 1851, 2902, 2135, 2251, 3306, 2432, 2967, 1683, 0, 2823, 3168, 3590, 2755, 2645, 2356, 2602, 3287, 2420, 3512, 2307, 2153, 2262, 2151, 2671, 1917, 2410, 3008, 3096, 2340, 2486, 3052, 2124, 3682, 3500, 3671, 2705, 2892, 2725, 2726, 2045, 2838, 3329, 2486, 2030, 2844, 3382, 2421, 2109, 3194, 3183, 0, 2869, 2009, 2114, 2880, 2421, 2426, 3338, 2608, 2850, 2971, 2459, 2100, 0, 3152, 2002, 1837, 2047, 2218, 3359, 3162, 2061, 2184, 2627, 2120, 3399, 2276, 2337, 2382, 2595, 2261, 2289, 3378, 3506, 3064, 2858, 1663, 2350, 2668, 2368, 2601, 2230, 3004, 2106, 0, 2889, 2152, 2931, 2846, 2386, 1615, 2846, 2976, 3364, 2280, 2153, 2554, 2168, 3059, 3327, 3069, 3041, 1937, 2077, 2537, 1796, 2121, 2657, 3306, 3659, 2558, 0, 2259, 2830, 3294, 3347, 3657, 2791, 2491, 2713, 2376, 2099, 2063, 0, 1926, 2011, 
1999, 1851, 2790, 2843, 1806, 2147, 3266, 2281, 3005, 3774, 2276, 2662, 2263, 2923, 3118, 0, 3668, 2624, 2233, 2604, 2034, 2936, 2109, 2861, 2781, 2878, 2340, 2344, 2048, 2094, 3486, 1928, 1988, 2801, 2761, 3033, 2465, 2598, 2094, 2799, 2643, 2543, 2894, 2693, 3120, 0, 3332, 1894, 2918, 2146, 2312, 3319, 2408, 3117, 1726, 0, 2837, 3163, 3601, 2740, 2698, 2498, 2605, 3279, 2461, 3607, 2233, 2145, 2320, 2157, 2675, 1953, 2390, 2999, 3137, 2376, 2467, 3073, 2157, 3708, 3481, 3689, 2720, 2896, 2656, 2744, 2084, 2862, 3369, 2512, 2017, 2846, 3380, 2452, 2053, 3186, 3119, 0, 2793, 2000, 2180, 2903, 2477, 2450, 3365, 2625, 2854, 2980, 2479, 2133, 0, 3077, 2014, 1834, 2149, 2279, 3285, 3158, 2071, 2216, 2633, 2112, 3413, 2186, 2378, 2201, 2639, 2274, 2355, 3383, 3553, 3079, 2888, 1662, 2333, 2697, 2464, 2695, 2251, 3066, 2154, 0, 2836, 2070, 2876, 3057, 2311, 1615, 2834, 3089, 3390, 2370, 2168, 2481, 2255, 3112, 3322, 3064, 3081, 1936, 2058, 2520, 1822, 2146, 2668, 3377, 3616, 2603, 0, 2246, 2780, 3364, 3393, 3675, 2833, 2428, 2712, 2363, 2185, 2080, 0, 1964, 1995, 
2000, 1790, 2732, 2810, 1794, 2141, 3256, 2233, 2996, 3797, 2392, 2715, 2256, 2809, 2992, 3767, 0, 2663, 2239, 2618, 2073, 2801, 2073, 2871, 2773, 2812, 2316, 2301, 2111, 2089, 3504, 1980, 1945, 2836, 2805, 3044, 2461, 2660, 2169, 2797, 2620, 2555, 3032, 2650, 3077, 0, 3313, 1988, 3044, 2217, 2251, 3324, 2536, 3060, 1783, 0, 2841, 3140, 3602, 2759, 2701, 2573, 2474, 3334, 2505, 3579, 2206, 2161, 2371, 2247, 2728, 1958, 2365, 3166, 3129, 2370, 2436, 3026, 2179, 3731, 3552, 3665, 2727, 2897, 2725, 2805, 2042, 2840, 3427, 2390, 2095, 2785, 3311, 2457, 2074, 3196, 3150, 3531, 2748, 2002, 2204, 2838, 2430, 2451, 3321, 2631, 2894, 3039, 2498, 2175, 0, 3061, 2000, 1909, 2232, 2230, 3264, 3154, 2125, 2327, 2608, 2145, 3372, 2141, 2354, 2120, 2587, 2364, 2386, 3418, 3533, 3140, 2875, 1801, 2450, 2703, 2495, 2745, 2383, 3099, 2164, 0, 2650, 1991, 2774, 3045, 2353, 1628, 2885, 3093, 3382, 2298, 2194, 2534, 2342, 3095, 3440, 3058, 3097, 1960, 2004, 2571, 1863, 2169, 2770, 3252, 3662, 2613, 0, 2261, 2896, 3284, 3355, 3755, 2869, 2351, 2695, 2476, 2225, 2087, 0, 1879, 1988, 
2001, 1738, 2794, 2886, 1835, 2081, 3217, 2241, 3074, 3810, 2460, 2713, 2328, 2831, 3046, 3786, 0, 2745, 2306, 2576, 2079, 2898, 2149, 2889, 2840, 2810, 2331, 2348, 2168, 2134, 3505, 1989, 2019, 2870, 2816, 3067, 2505, 2682, 2228, 2799, 2623, 2739, 3074, 2620, 3169, 0, 3335, 1975, 3025, 2251, 2257, 3367, 2625, 3050, 1830, 0, 2890, 3166, 3640, 2807, 2678, 2518, 2640, 3364, 2530, 3585, 2279, 2218, 2342, 2254, 2754, 1897, 2445, 3087, 3124, 2326, 2423, 3035, 2255, 3726, 3602, 3669, 2787, 2888, 2838, 2887, 2061, 2882, 3469, 2450, 2068, 2883, 3317, 2482, 2023, 3194, 3260, 3556, 2631, 1990, 2234, 2816, 2465, 2500, 3330, 2614, 2944, 3082, 2523, 2216, 0, 3116, 1991, 1955, 2256, 2245, 3258, 3110, 2296, 2338, 2612, 2098, 3411, 2147, 2285, 2254, 2635, 2322, 2371, 3421, 3523, 3238, 2954, 1870, 2477, 2601, 2477, 2804, 2403, 3067, 2170, 0, 2614, 1994, 2780, 3056, 2313, 1659, 2909, 3082, 3367, 2335, 2237, 2491, 2305, 3123, 3380, 2985, 2988, 1962, 2035, 2550, 1932, 2153, 2826, 3258, 3620, 2627, 0, 2275, 3013, 3306, 3394, 3708, 2833, 2274, 2671, 2521, 2287, 2066, 0, 1869, 2028, 
2002, 1825, 2860, 2926, 1918, 2067, 2984, 2289, 3074, 3749, 2582, 2688, 2310, 2792, 2979, 3773, 0, 2765, 2392, 2547, 2099, 2897, 2085, 2923, 2883, 2773, 2409, 2333, 2260, 2185, 3529, 1995, 1968, 2900, 2831, 3112, 2560, 2628, 2253, 2759, 2667, 2819, 3152, 2614, 3240, 0, 3368, 2043, 2973, 2275, 2301, 3391, 2637, 3045, 1845, 0, 2913, 3144, 3652, 2816, 2629, 2463, 2837, 3430, 2584, 3625, 2299, 2354, 2356, 2258, 2728, 1895, 2470, 3067, 3189, 2276, 2452, 3004, 2270, 3590, 3699, 3657, 2786, 2850, 2939, 2929, 2016, 2854, 3425, 2485, 2112, 2973, 3293, 2516, 2058, 3168, 3266, 3535, 2716, 1945, 2174, 2768, 2488, 2496, 3331, 2639, 2941, 3101, 2565, 2224, 0, 3153, 2047, 2001, 2203, 2250, 3251, 3122, 2283, 2306, 2603, 2181, 3455, 2217, 2229, 2330, 2674, 2339, 2391, 3428, 3525, 3314, 3021, 2019, 2451, 2672, 2628, 2792, 2456, 3006, 2141, 0, 2630, 2044, 2793, 3081, 2388, 1696, 2907, 3080, 3366, 2311, 2271, 2540, 2381, 3130, 3437, 3024, 2978, 1940, 2082, 2596, 2057, 2154, 2779, 3192, 3608, 2685, 0, 2324, 3032, 3337, 3409, 3781, 2823, 2276, 2694, 2241, 2345, 2079, 0, 1854, 2038, 
2003, 1892, 2766, 2969, 1984, 2064, 3012, 2455, 3110, 3705, 2703, 2658, 2347, 2844, 2820, 3746, 0, 2774, 2346, 2478, 2103, 2828, 2098, 3063, 2954, 2754, 2491, 2395, 2260, 2213, 3530, 1967, 2024, 2894, 2832, 3166, 2630, 2649, 2229, 2741, 2693, 2865, 3244, 2583, 3318, 0, 3342, 2085, 2988, 2129, 2259, 3339, 2590, 3078, 1884, 0, 2906, 3142, 3585, 2820, 2650, 2446, 2934, 3390, 2599, 3629, 2311, 2346, 2390, 2247, 2703, 1859, 2477, 3057, 3212, 2271, 2470, 3007, 2256, 3595, 3575, 3621, 2807, 2840, 3077, 2955, 2006, 2872, 3481, 2616, 2157, 3029, 3201, 2515, 2039, 3191, 3183, 3548, 2738, 1974, 2166, 2791, 2370, 2518, 3357, 2711, 2949, 3108, 2552, 2215, 0, 3201, 2098, 2056, 2236, 2312, 3141, 3119, 2308, 2401, 2606, 2189, 3431, 2235, 2284, 2351, 2729, 2278, 2389, 3421, 3510, 3362, 3055, 1947, 2388, 2674, 2656, 2797, 2498, 2988, 2222, 0, 2693, 2033, 2786, 3115, 2406, 1771, 2928, 3062, 3332, 2310, 2270, 2543, 2425, 3117, 3434, 3005, 2964, 1956, 2034, 2599, 2050, 2199, 2739, 3243, 3586, 2743, 0, 2375, 3049, 3331, 3392, 3780, 2806, 2344, 2752, 2439, 2403, 2065, 0, 1904, 2013, 
2004, 1964, 2782, 2984, 2030, 2103, 3026, 2550, 3064, 3691, 2839, 2631, 2378, 2690, 2897, 3746, 0, 2748, 2466, 2442, 2040, 3080, 2190, 3073, 2979, 2760, 2503, 2476, 2274, 2229, 3536, 1991, 2026, 2917, 2853, 3191, 2739, 2629, 2257, 2754, 2737, 2942, 3343, 2571, 3320, 0, 3381, 2125, 2972, 2205, 2298, 3269, 2559, 3066, 1881, 0, 2903, 3176, 3550, 2848, 2660, 2457, 3020, 3411, 2610, 3704, 2268, 2328, 2419, 2246, 2679, 1873, 2472, 3194, 3265, 2246, 2470, 3064, 2369, 3571, 3620, 3622, 2783, 2838, 3121, 2971, 2015, 2833, 3485, 2728, 2185, 3072, 3185, 2538, 2083, 3215, 3355, 3540, 2872, 1977, 2164, 2823, 2368, 2542, 3363, 2598, 3013, 3105, 2580, 2225, 0, 3262, 2064, 2091, 2260, 2361, 3196, 3137, 2346, 2451, 2653, 2204, 3468, 2213, 2311, 2234, 2655, 2293, 2457, 3381, 3598, 3352, 3106, 1913, 2367, 2641, 2686, 2830, 2507, 2944, 2246, 0, 2701, 2023, 2807, 3154, 2400, 1657, 2938, 3096, 3351, 2332, 2256, 2541, 2455, 3142, 3411, 3054, 2963, 1978, 2106, 2611, 2033, 2244, 2753, 3248, 3612, 2807, 0, 2347, 3193, 3271, 3434, 3811, 2797, 2380, 2740, 2512, 2467, 2073, 0, 1872, 2052, 
2005, 1945, 2868, 2956, 2076, 2319, 3102, 2653, 3114, 3724, 2914, 2575, 2368, 2784, 2983, 3731, 0, 2783, 2438, 2499, 2093, 3029, 2198, 3068, 2953, 2721, 2463, 2525, 2324, 2289, 3497, 2026, 2033, 2910, 2879, 3206, 2811, 2595, 2037, 2806, 2790, 2978, 3252, 2535, 3316, 0, 3408, 2253, 2899, 2316, 2338, 3328, 2559, 3157, 1976, 0, 2941, 3186, 3534, 2853, 2706, 2464, 3038, 3448, 2683, 3577, 2351, 2385, 2433, 2268, 2677, 1881, 2482, 3271, 3292, 2258, 2471, 3057, 2347, 3421, 3634, 3573, 2778, 2821, 3118, 3007, 2150, 2932, 3541, 2750, 2251, 3139, 3121, 2568, 2167, 3182, 3456, 3545, 2783, 2054, 2191, 2782, 2438, 2570, 3336, 2630, 2998, 3062, 2627, 2251, 0, 3204, 2045, 2134, 2232, 2392, 3238, 3161, 2387, 2437, 2704, 2180, 3504, 2230, 2327, 2318, 2592, 2405, 2467, 3371, 3585, 3421, 3197, 1979, 2320, 2637, 2745, 2845, 2546, 2954, 2235, 0, 2701, 2091, 2832, 3081, 2423, 1775, 2946, 3102, 3302, 2328, 2285, 2586, 2359, 3121, 3386, 3098, 2959, 2057, 2139, 2691, 2026, 2236, 2737, 3221, 3611, 2831, 0, 2342, 3208, 3206, 3415, 3833, 2853, 2466, 2782, 2511, 2459, 2093, 0, 1880, 2042, 
2006, 1966, 2853, 3045, 2116, 2316, 3113, 2752, 3159, 3770, 2908, 2551, 2372, 2785, 3078, 3764, 0, 2759, 2456, 2558, 2144, 3009, 2148, 3086, 2945, 2754, 2559, 2551, 2373, 2339, 3482, 2028, 2020, 2957, 2882, 3223, 2799, 2592, 2135, 2865, 2785, 3088, 3260, 2531, 3273, 0, 3410, 2306, 2895, 2354, 2311, 3351, 2569, 3171, 1967, 0, 2947, 3212, 3506, 2841, 2701, 2384, 2862, 3461, 2744, 3465, 2376, 2415, 2494, 2214, 2652, 1934, 2524, 3276, 3373, 2322, 2483, 3013, 2378, 3533, 3625, 3604, 2787, 2774, 3151, 3053, 2149, 2900, 3547, 2708, 2234, 3220, 3088, 2594, 2119, 3162, 3454, 3552, 2837, 2077, 2269, 2791, 2373, 2653, 3358, 2618, 3016, 3077, 2694, 2285, 3579, 3270, 2118, 2202, 2221, 2367, 3216, 3147, 2398, 2439, 2725, 2141, 3425, 2227, 2352, 2327, 2621, 2430, 2512, 3353, 3557, 3460, 3238, 1982, 2352, 2640, 2776, 2813, 2611, 2995, 2310, 2699, 0, 2187, 2822, 3227, 2454, 1707, 2921, 3120, 3277, 2350, 2318, 2604, 2321, 3088, 3432, 3111, 2923, 2062, 2145, 2767, 2034, 2282, 2773, 3276, 3647, 2834, 0, 2292, 3243, 3186, 3424, 3789, 2850, 2544, 2804, 2546, 2469, 2116, 0, 1844, 2123, 
2007, 2040, 2862, 3036, 2172, 2393, 3134, 2788, 3204, 3793, 2887, 2534, 2414, 2838, 3178, 3772, 0, 2754, 2563, 2588, 2150, 3058, 2153, 3096, 2870, 2728, 2541, 2630, 2384, 2366, 3482, 2090, 2009, 2936, 2916, 3226, 2826, 2607, 2124, 2850, 2797, 3094, 3251, 2609, 3257, 0, 3435, 2393, 3019, 2389, 2327, 3409, 2556, 3179, 1958, 0, 2922, 3258, 3462, 2887, 2696, 2541, 2897, 3524, 2763, 3486, 2393, 2443, 2492, 2233, 2649, 1989, 2560, 3187, 3426, 2383, 2519, 3038, 2391, 3521, 3520, 3577, 2781, 2813, 3122, 3211, 2093, 2905, 3534, 2721, 2262, 3201, 3166, 2558, 2178, 3197, 3556, 3545, 3012, 2090, 2293, 2824, 2477, 2723, 3352, 2743, 3068, 3095, 2733, 2337, 3583, 3249, 2095, 2279, 2206, 2411, 3271, 3182, 2457, 2458, 2718, 2110, 3430, 2111, 2392, 2445, 2573, 2458, 2568, 3361, 3552, 3378, 3299, 1997, 2375, 2654, 2795, 2801, 2616, 2994, 2343, 2721, 0, 2180, 2786, 3148, 2415, 1718, 2909, 3137, 3252, 2350, 2331, 2647, 2305, 3088, 3429, 3045, 2935, 2065, 2216, 2732, 2044, 2286, 2830, 3253, 3631, 2896, 0, 2252, 3242, 3169, 3404, 3769, 2888, 2569, 2857, 2702, 2537, 2154, 0, 1785, 2115, 
2008, 2037, 2892, 3041, 2236, 2372, 3155, 2830, 3203, 3780, 2864, 2514, 2387, 2903, 3196, 3766, 0, 2677, 2526, 2652, 2135, 3087, 2175, 3167, 2852, 2694, 2585, 2590, 2399, 2435, 3452, 2132, 2026, 2952, 2975, 3221, 2811, 2632, 2100, 2838, 2744, 3135, 3119, 2622, 3267, 0, 3329, 2430, 3019, 2338, 2375, 3454, 2565, 3220, 2017, 0, 2942, 3212, 3546, 2860, 2653, 2531, 2970, 3511, 2861, 3566, 2409, 2370, 2538, 2325, 2580, 2014, 2593, 3188, 3400, 2411, 2546, 3039, 2403, 3574, 3526, 3567, 2742, 2728, 3078, 3139, 2091, 2905, 3498, 2703, 2223, 3256, 3116, 2553, 2249, 3201, 3484, 3558, 2963, 2056, 2319, 2769, 2542, 2775, 3337, 2797, 2990, 3069, 2770, 2367, 3653, 3267, 2171, 2368, 2118, 2456, 3278, 3203, 2453, 2516, 2720, 2095, 3440, 2126, 2401, 2498, 2525, 2521, 2579, 3338, 3570, 3417, 3305, 2022, 2432, 2576, 2817, 2880, 2616, 2966, 2433, 2698, 0, 2199, 2855, 3192, 2476, 1677, 2919, 3181, 3192, 2427, 2330, 2622, 2271, 3119, 3444, 3028, 2900, 2058, 2124, 2714, 2055, 2317, 2802, 3304, 3596, 2868, 0, 2246, 3251, 3132, 3405, 3708, 2873, 2578, 2860, 2859, 2604, 2136, 0, 1812, 2088, 
2009, 2082, 2930, 3107, 2298, 2298, 3129, 2781, 3197, 3786, 2906, 2519, 2425, 2991, 3120, 3757, 0, 2730, 2589, 2714, 2138, 3077, 2174, 3163, 2840, 2817, 2631, 2639, 2411, 2473, 3383, 2139, 2003, 2912, 2992, 3232, 2806, 2536, 2131, 2838, 2727, 3144, 3230, 2599, 3273, 0, 3349, 2452, 3129, 2378, 2370, 3407, 2560, 3262, 2052, 0, 2904, 3209, 3529, 2865, 2699, 2683, 2805, 3512, 2932, 3520, 2417, 2459, 2532, 2287, 2593, 2056, 2584, 3146, 3362, 2405, 2603, 3026, 2429, 3560, 3515, 3579, 2748, 2671, 3103, 3140, 2151, 2940, 3453, 2778, 2290, 3265, 3120, 2558, 2233, 3196, 3445, 3543, 3009, 2065, 2311, 2831, 2588, 2838, 3372, 2797, 3112, 3024, 2777, 2444, 3585, 3282, 2174, 2400, 2048, 2512, 3242, 3148, 2462, 2522, 2714, 2089, 3421, 2015, 2414, 2501, 2591, 2555, 2591, 3411, 3570, 3415, 3275, 2129, 2402, 2581, 2830, 2846, 2659, 2950, 2442, 2735, 0, 2253, 2889, 3199, 2445, 1705, 2951, 3208, 3221, 2434, 2333, 2713, 2249, 3119, 3466, 3045, 2915, 2090, 2126, 2693, 2032, 2344, 2801, 3338, 3619, 2870, 0, 2270, 3161, 3134, 3397, 3653, 2852, 2585, 2849, 2911, 2639, 2153, 0, 1884, 2153,
